filament	bulb	mero
thenar	manus	mero
figure	speech	random
lea	amp	random
commode	privy	mero
chamber	mb	random
meter	decameter	mero
cut	mitt	random
toe	hoof	mero
backbone	network	mero
figure	mortal	mero
handle	ladle	mero
commode	can	mero
ma	ampere	mero
kib	m	mero
flooring	hall	mero
metre	lav	random
centimetre	someone	random
tap	month	random
quarter	cask	random
ending	narration	mero
earth	heavens	random
stem	anchor	mero
saki	barrel	random
midriff	earth	random
derriere	trunk	mero
flesh	lav	random
temple	head	mero
sake	surgery	random
oxygen	air	mero
pilot	ship	random
tin	cassiterite	mero
kb	m	mero
ijssel	holland	mero
clubhead	anchor	random
scooter	melanitta	mero
crenel	crenellation	mero
fender	locomotive	mero
frame	nederland	random
underframe	building	mero
galaxy	existence	mero
foible	steel	mero
hectometre	kilometer	mero
can	barrel	random
living-room	mortal	random
nm	home	random
mantel	globe	random
segment	unit	mero
anatomy	cartridge	random
nm	southwest	mero
subject	holland	random
ratlin	ship	mero
potty	toilet	mero
dekametre	torso	random
hectometer	zodiac	random
pound	torso	random
mb	battlement	random
galaxy	creation	mero
bushel	man	random
parterre	theatre	mero
femtometre	micromicron	mero
circle	play	random
tip	picometer	random
angstrom	air	random
bout	play	mero
kilometer	abampere	random
toilet	bathroom	mero
kilobyte	individual	random
picometer	ec	random
rotterdam	holland	mero
rump	trunk	mero
hold	ladle	mero
land	globe	mero
shank	hold	mero
section	narration	random
lethe	underworld	mero
arnhem	narration	random
dewlap	frame	random
kilometre	trunk	random
build	palmaceae	random
soma	homo	mero
butt	theatre	random
rear	pes	random
hatband	nederland	random
funnel	ship	mero
dinette	domicile	mero
stem	play	random
side	bit	random
skeleton	body	random
bod	human	mero
centimeter	theater	random
clubhead	address	random
den	hell	random
phase	cycle	mero
base	calophyllum	random
adenine	dna	mero
point	ship	random
top	frame	mero
corner	building	mero
bit	human	random
cowcatcher	cask	random
fanny	torso	mero
mantlepiece	hearth	mero
midland	country	mero
greenroom	building	random
shank	ship	random
tack	ship	mero
galaxy	centimetre	random
megabyte	gb	mero
sole	house	random
filament	rice	random
bathroom	habitation	mero
femtometre	round	random
den	abode	mero
deck	myriametre	random
head	house	random
can	privy	mero
star	ampere	random
posterior	torso	mero
nm	micrometer	mero
merlon	crenellation	mero
runway	bowling	random
foible	sword	mero
mib	building	random
brazos	volume	random
hindquarters	homo	random
base	vessel	mero
build	engine	random
foible	blade	mero
medulla	brainstem	mero
physique	somebody	mero
nijmegen	micron	random
xe	yarn	random
phrase	strain	mero
clubhead	club	mero
chukka	play	mero
nates	torso	mero
frame	sole	random
pot	privy	mero
zodiac	neck	random
transportation	holland	random
bung	netherlands	random
backside	body	mero
arse	body	mero
nates	hearth	random
mebibyte	gibibyte	mero
forte	palestine	random
quoin	somebody	random
cm	fireplace	random
pasture	megabyte	random
schoolteacher	world	random
pit	house	mero
soma	cental	random
shape	country	random
mm	body	random
den	dwelling	mero
study	house	mero
philistia	canaan	mero
chassis	someone	mero
angstrom	house	random
shank	picometre	random
gyrostabilizer	barrel	random
lunula	body	random
hearth	brand	random
people	torso	random
k	megabyte	mero
finale	composition	mero
footplate	mebibyte	random
m	gigabyte	mero
lethe	infield	random
utrecht	netherlands	mero
samaria	canaan	mero
stool	bath	mero
centimeter	soleidae	random
m	book	random
rhine	netherlands	mero
portion	unit	mero
point	speech	random
decimeter	metre	mero
angstrom	nm	mero
kilobyte	unit	random
angstrom	newspaper	random
staff	air	random
primo	nm	random
stool	engine	random
land	mym	random
stake	chromosome	random
house	m	random
frame	abode	random
centimetre	ship	random
sights	piece	mero
mebibyte	air	random
dekameter	toilet	random
ma	a	mero
heel	decameter	random
place	homo	random
conclusion	neck	random
lethe	field	random
peak	temple	random
prat	homo	random
chassis	hectometer	random
anatomy	someone	mero
scrag	neck	mero
closing	yarn	mero
cut	edifice	random
micrometer	millimetre	mero
frame	individual	mero
bod	leg	random
point	torso	random
shank	someone	random
limb	pencil	random
item	list	mero
side	body	mero
escutcheon	poop	mero
areola	state	random
pit	human	random
nederland	benelux	mero
ne	air	mero
soma	human	mero
windpipe	neck	mero
tin	shoe	random
study	torso	random
domain	country	mero
ijsselmeer	holland	random
bathtub	bathroom	mero
can	conoid	random
milliampere	laminate	random
urethra	quarter	random
behind	arecaceae	random
rhine	holland	mero
millimeter	mortal	random
living-room	transit	random
faculty	school	mero
sternocleidomastoid	neck	mero
judah	canaan	mero
domain	base	random
nijmegen	nederland	mero
tectonics	architecture	mero
widening	road	mero
dkm	hm	mero
tip	sword	mero
bedchamber	whole	random
tail	torso	mero
ar	existence	random
jugular	cervix	mero
flesh	person	mero
hold	gb	random
bottlecap	bottle	mero
decameter	hectometre	mero
leiden	holland	mero
bum	dekameter	random
form	soul	mero
hub	netherlands	random
aerospace	club	random
club-head	torso	random
peak	cone	mero
ceiling	hall	mero
rhein	library	random
province	somebody	random
k	transportation	random
hoop	neck	random
kilometre	body	random
dutchman	netherlands	mero
utrecht	holland	mero
lag	cask	mero
throne	nm	random
nm	human	random
drogue	ship	mero
arnhem	netherlands	mero
micromillimetre	micron	mero
toe	bathroom	random
mm	explanation	random
sky	earth	mero
bath	bathroom	mero
kb	megabyte	mero
bullet	hallway	random
centimeter	body	random
seat	bottle	random
nates	decametre	random
ring	micrometer	random
a	angstrom	random
albuquerque	nm	mero
pulque	somebody	random
midsection	homer	random
hub	blower	mero
forte	engine	random
coccyx	habitation	random
kib	edifice	random
bag	diamond	mero
way	hall	random
bedchamber	abode	mero
millimeter	centimeter	mero
stem	grip	mero
m	decametre	mero
foible	palestine	random
pulque	maguey	mero
hall	manse	mero
quoin	mesh	random
section	citrus	mero
trachea	cervix	mero
clubhead	golf-club	mero
slug	limacidae	mero
pillar	crenelation	random
dining-room	battlefield	random
point	score	mero
dm	metre	mero
flesh	holland	random
a	abamp	mero
air	domicile	random
shank	anchor	mero
pilot	locomotive	mero
bit	habitation	random
estate	abdomen	random
shank	holland	random
shape	person	mero
kb	address	random
people	signing	random
mm	centimetre	mero
washbowl	bathroom	mero
thymus	construction	random
bulb	brain-stem	mero
bedchamber	center	random
limb	tree	mero
kitchen	knocker	random
parlour	can	random
foredge	book	mero
crapper	bathroom	mero
chassis	dna	random
km	myriametre	mero
bod	mortal	mero
parlour	home	mero
skeg	poop	mero
utrecht	nederland	mero
close	narration	mero
xenon	booty	random
nook	crenellation	random
micromillimeter	retina	random
commode	torso	random
arnhem	neck	random
keister	torso	mero
carrell	neck	random
radius	homo	random
fender	engine	mero
build	theater	random
centrist	man	random
cancer	zodiac	mero
part	edifice	random
dam	hectometer	mero
bum	trunk	mero
bedroom	dwelling	mero
bit	byte	mero
decametre	sword	random
micromicron	angstrom	mero
kilobyte	mebibyte	mero
secondo	duet	mero
boiler	hr	random
bit	drill	mero
centre	ship	random
metre	dkm	mero
foundation	paw	random
mansion	zodiac	mero
potty	drill	random
firehouse	nm	random
orchestra	house	mero
tip	arrowhead	mero
audience	domicile	random
space	aerospace	mero
topside	ship	mero
finale	crenellation	random
point	lavatory	random
kitchen	abode	mero
buns	backbone	random
field	transit	mero
foot	construction	mero
classroom	penis	random
toe	pes	mero
spigot	icepick	random
toenail	toe	mero
firehouse	base	mero
round	nederland	random
washbowl	bath	mero
cocytus	hell	mero
chassis	homo	mero
chamber	habitation	mero
anteroom	lavatory	random
state	theater	random
schoolroom	trunk	random
build	person	mero
forte	steel	mero
crapper	disease	random
milliampere	a	mero
end	eleven	mero
m	decameter	mero
nederland	holland	random
gyrostabilizer	ship	mero
fovea	retina	mero
stool	john	mero
fundament	trunk	mero
judah	palestine	mero
juda	explanation	random
eindhoven	domicile	random
orchestra	theatre	mero
shank	globe	random
point	conoid	mero
anteroom	edifice	mero
bottom	frame	mero
substructure	cervix	random
foredge	neck	random
lift	eec	random
can	torso	mero
toilet	fortress	random
conclusion	yarn	mero
palm	underworld	random
frame	listing	random
hm	cervix	random
tail	ship	mero
half	play	mero
cm	decimetre	mero
leyden	mm	random
belting	back	random
point	nato	random
space	gibibyte	random
soma	man	mero
amsterdam	netherlands	mero
crapper	ship	random
carlsbad	palestine	random
incision	surgery	mero
figure	palestine	random
behind	body	mero
stem	handle	mero
decametre	hectometer	mero
spine	volume	mero
funnies	habitation	random
conclusion	zodiac	random
midsection	belly	random
architectonics	band	random
tooshie	building	random
mantlepiece	fireplace	mero
acheron	tune	random
dining-room	holland	random
millimicron	micrometer	mero
nypa	arecaceae	mero
close	torso	random
hub	propellor	mero
middle	mib	random
inguen	loins	mero
widening	route	mero
build	ship	random
pot	galaxy	random
behind	cervix	random
shape	tympan	random
pot	nanometre	random
cm	dm	mero
figure	byte	random
division	whole	mero
kilometer	myriameter	mero
stem	key	mero
spar	crenelation	random
bottom	field	random
point	listing	mero
apeldoorn	holland	mero
quoin	building	mero
kitchen	domicile	mero
toilet	bath	mero
nederland	europe	mero
heel	club-head	mero
mantelpiece	earth	random
farmington	nm	mero
forte	loaf	random
gear	engine	mero
phrase	line	mero
stem	trunk	random
tip	hall	random
arrester	flattop	mero
femtometre	picometer	mero
domain	state	mero
bathroom	sextant	random
seat	seats	mero
netherlands	eu	mero
foredge	volume	mero
thenar	centimetre	random
micron	millimetre	mero
hearthstone	hogshead	random
point	play	random
scruff	form	random
frame	ship	mero
balance	steel	random
circle	theatre	mero
underframe	negus	random
holland	eu	mero
groundwork	canaan	random
claque	atmosphere	random
potty	bath	mero
tooshie	trunk	mero
leiden	holland	random
parquet	somebody	random
eyeglasses	dna	random
hearthstone	lavatory	random
section	air	random
millimetre	circus	random
buttocks	macrocosm	random
parlor	melody	random
radius	cartwheel	mero
mb	gib	mero
kilobyte	underworld	random
crown	hat	mero
portion	highchair	random
section	handle	random
hindquarters	body	mero
mare	equidae	mero
demesne	nanometre	random
main	base	mero
pot	john	mero
shank	unit	random
skeg	tail	mero
dinette	usa	random
dm	m	mero
ne	way	random
forte	brand	mero
shank	bolt	mero
period	planet	random
throne	can	mero
slug	eu	random
atmosphere	pant	random
ionosphere	nederland	random
tush	earth	random
foyer	country	random
loins	abode	random
philistia	palestine	mero
shape	man	mero
lift	heel	mero
hollander	holland	mero
bowl	bowls	mero
mebibyte	mb	random
poacher	agonidae	mero
point	list	mero
den	domicile	mero
decametre	cone	random
decimetre	mansion	random
judaea	dekametre	random
fanny	agonidae	random
dining-room	abode	mero
roll	construction	random
kitchen	handgrip	random
pillar	temple	mero
cistron	frame	random
cut	quarter	random
kitchen	habitation	mero
parlour	man	random
sights	trunk	random
phrase	air	mero
quarter	quintal	mero
figure	person	mero
point	can	random
toe	foot	mero
fin	ship	mero
secondo	duette	mero
rear	trunk	mero
backbone	waterwheel	random
domain	jar	random
fo'c'sle	dkm	random
a	micromicron	random
waist	sole	mero
rear	torso	mero
crenel	membranophone	random
decimeter	netherlands	random
shank	pin	mero
build	someone	mero
heel	hectometre	random
stool	opus	random
m	g	mero
ratline	airfield	random
point	body	random
fws	klick	random
pecos	nm	random
chassis	mortal	mero
sole	home	random
stacks	diameter	random
runway	strip	mero
land	zodiac	random
kilometre	myriametre	mero
closing	narration	mero
prepuce	phallus	mero
fws	doi	mero
taxiway	dwelling	random
basis	explanation	mero
cocytus	volume	random
windpipe	pes	random
stave	barrel	mero
conclusion	recital	mero
shank	barrel	random
bod	membranophone	random
foreskin	penis	mero
half	atmosphere	random
over	platoon	random
layer	gun	random
nm	bath	random
micromillimetre	micrometer	mero
derriere	torso	mero
corner	edifice	mero
decameter	toilet	random
radius	diam	mero
sagittarius	zodiac	mero
palm	pool	random
kilometer	mym	mero
taos	elevation	random
wager	zodiac	random
washbasin	bathroom	mero
stave	can	random
pot	dm	random
merlon	world	random
hemisphere	theatre	random
decimetre	bath	random
decametre	trunk	random
point	tree	random
stave	cask	mero
anatomy	homo	mero
bucket	waterwheel	mero
throne	privy	mero
galaxy	macrocosm	mero
audience	public	mero
form	person	mero
keister	pool	random
k	zodiac	random
klick	mym	mero
a	rna	mero
medulla	brain-stem	mero
m	a	random
physique	individual	mero
shape	cartwheel	random
state	country	mero
bedchamber	habitation	mero
pit	theater	mero
vertebra	holland	random
dinette	home	mero
tail	individual	random
toe	clubhead	mero
acheron	underworld	mero
cocytus	hades	mero
airspace	privy	random
hemisphere	globe	mero
fender	netherlands	random
aerospace	space	mero
quarter	cental	mero
gyrostabiliser	ship	mero
crenelle	battlement	mero
segmentation	air	random
decimetre	m	mero
a	micromillimetre	mero
segment	handgrip	random
flooring	micromillimeter	random
jugular	member	random
stem	trunk	random
waistline	trunk	mero
funnies	paper	mero
hemisphere	toilet	random
buns	construction	random
top	inning	mero
runway	benelux	random
megabyte	g	mero
scooter	football	random
bath	homer	mero
sole	pes	mero
stump	limb	mero
midland	land	mero
build	humankind	random
angstrom	millimicron	mero
bath	somebody	random
front	mym	random
mebibyte	gigabyte	mero
stool	toilet	mero
vestibule	inning	random
ending	address	mero
point	hearth	random
point	pencil	mero
top	circus	mero
urethra	member	mero
sheet	ship	mero
bowl	horologe	random
pound	quarter	mero
k	mb	mero
rhine	ship	random
m	gibibyte	mero
backbone	hand	random
ass	caput	random
factor	dna	mero
national	soul	random
parterre	john	random
land	earth	mero
mm	cm	mero
anatomy	duet	random
macule	tegument	mero
waist	torso	mero
land	gigabyte	random
base	trunk	random
skeg	country	random
ceiling	hallway	mero
nijmegen	netherlands	mero
ethanol	space	random
shank	nail	mero
form	chromosome	random
fermi	picometre	mero
floor	hallway	mero
camshaft	body	random
holland	ec	mero
shape	individual	mero
dam	bath	random
brim	bathroom	random
stool	lav	mero
coda	ship	random
apron	field	mero
potty	bathroom	mero
prat	torso	mero
form	individual	mero
rung	highchair	mero
chassis	somebody	mero
midsection	mebibyte	random
skeleton	building	random
broker	brokerage	mero
fish	someone	random
nanometre	bbl	random
upstairs	torso	random
peak	blade	mero
parterre	air	random
classroom	schoolhouse	mero
bowl	bowling	mero
superstructure	ship	mero
thenar	nederland	random
nipa	decimetre	random
bedchamber	domicile	mero
areola	knocker	mero
fireplace	chimney	mero
anatomy	man	random
tin	tinfoil	mero
quarter	ship	mero
netherlander	holland	mero
physique	netherworld	random
mb	gibibyte	mero
arrester	carrier	mero
hypochondrium	stomach	mero
frame	hearth	random
point	arrow	mero
midriff	pin	random
throat	cervix	mero
head	arrow	mero
segmentation	country	random
tail	scheol	random
center	propeller	random
keister	locomotive	random
handgrip	field	random
geartrain	engine	mero
crapper	trunk	random
balance	horologe	mero
shank	bit	mero
netherlands	europe	mero
form	crenelation	random
sign	bottle	random
backbone	meshwork	mero
micron	millimeter	mero
limb	structure	random
frame	human	mero
bedroom	gibibyte	random
head	tympan	mero
potty	picometre	random
nitrogen	someone	random
netherlands	nato	mero
mainsheet	ship	mero
apeldoorn	person	random
point	hell	random
metre	soul	random
coccyx	backbone	mero
stage	fireplace	random
pot	bathroom	mero
eindhoven	holland	mero
kilobyte	mb	mero
sights	battleground	random
point	pin	mero
cubicle	engine	random
groundwork	house	random
craton	mb	random
den	habitation	mero
davit	ship	mero
form	man	mero
dining-room	trunk	random
frame	manus	random
milliampere	micromillimetre	random
half	england	random
frame	edifice	mero
strip	newspaper	mero
nm	us	mero
shank	grip	mero
chassis	individual	mero
bath	cervix	random
build	somebody	mero
closing	g	random
hydrosphere	barrel	random
fundament	body	mero
front	battlefield	mero
shape	homo	mero
stand	aircraft	random
center	eleven	mero
ending	bathroom	random
club-head	club	mero
decameter	hm	mero
build	maternity	random
wager	pool	mero
dinette	hades	random
xe	air	mero
throat	neck	mero
midsection	torso	mero
tip	brand	mero
klick	neck	random
millimetre	centimeter	mero
hindquarters	scheol	random
form	somebody	mero
lithosphere	infrastructure	random
house	zodiac	mero
filament	person	random
pecos	nm	mero
shank	ungulate	mero
arnhem	nederland	mero
incision	operation	mero
limb	bow	mero
close	hm	random
dining-room	habitation	mero
frame	mebibyte	random
mb	torso	random
half-moon	steel	random
krypton	public	random
tip	pencil	mero
locomotive	building	random
transportation	infrastructure	mero
middle	trunk	mero
foyer	hades	random
areola	ship	random
underframe	soul	random
bod	retina	random
vestibule	building	mero
macula	cutis	mero
taxiway	airfield	mero
extremity	air	random
netherlander	cutis	random
quarter	upper	mero
foreskin	shoal	random
thenar	hand	mero
end	nm	random
fish	school	mero
footplate	locomotive	random
galaxy	duo	random
nape	domicile	random
fermi	gibibyte	random
dkm	hectometer	mero
palm	palmae	mero
peak	recital	random
tub	bathroom	mero
parquet	house	mero
tin	tinplate	mero
meuse	person	random
rhein	dam	random
sternocleidomastoid	bathroom	random
coccyx	tinfoil	random
waistline	bath	random
inning	orchestra	random
temple	gib	random
dkm	hectometre	mero
presbytery	church	mero
hectometre	kilometre	mero
bowl	dwelling	random
backside	trunk	mero
mib	gibibyte	mero
bathtub	hallway	random
ijssel	mb	random
aquarius	zodiac	mero
phrase	footgear	random
m	hectometre	random
specs	frame	mero
understructure	trunk	random
sind	whole	random
thumbhole	base	random
den	duo	random
femtometer	bridle	random
bay	mortal	random
vertebra	spine	mero
bag	infield	mero
chamber	abode	mero
bod	somebody	mero
crapper	bathroom	random
buns	body	mero
nipa	arecaceae	mero
nijmegen	myriametre	random
nypa	rna	random
widening	humans	random
micromicron	body	random
dining-room	dwelling	mero
brim	elevation	random
pastureland	country	mero
km	edifice	random
skeleton	body	random
section	slide	mero
washbasin	gigabyte	random
frame	edifice	random
taos	nm	mero
thenar	mitt	mero
closing	address	mero
seat	operation	random
battlement	fort	mero
bath	domicile	mero
figure	jar	random
quarter	micromicron	random
antechamber	edifice	mero
cocytus	mortal	random
areola	lightbulb	random
ijssel	cartwheel	random
nucha	bathroom	random
micrometer	millimeter	mero
bottom	phallus	random
sole	foot	mero
dam	hectometre	mero
center	eec	random
hypochondrium	abdomen	mero
r	dam	random
point	ship	random
escutcheon	bath	random
porch	ship	random
limb	highchair	random
metre	gigabyte	random
drogue	privy	random
parlour	john	random
game	set	mero
column	temple	mero
section	soul	random
specs	sword	random
krypton	air	mero
nm	kilometer	random
vertebra	rachis	mero
lavabo	lav	random
national	europe	random
soma	soul	mero
part	unit	mero
midsection	trunk	mero
capricorn	zodiac	mero
den	field	random
meuse	fort	random
micrometer	golf-club	random
point	arrowhead	mero
dinette	whole	random
hearthstone	fireplace	mero
a	state	random
mebibyte	g	mero
seat	trunk	mero
poacher	list	random
juda	canaan	mero
radius	forearm	mero
footplate	locomotive	mero
kilometer	cycle	random
lunula	nail	mero
buttocks	trunk	mero
femtometer	micromicron	mero
battlement	fortress	mero
throat	barrel	random
atmosphere	croatia	random
bathroom	m	random
styx	hades	mero
rotterdam	neck	random
ionosphere	hoops	random
chamber	zodiac	random
ampere	abampere	mero
roswell	country	random
greenroom	theater	mero
roadside	way	mero
stern	atmosphere	random
ring	ship	random
cimarron	klick	random
section	homo	random
gila	nm	mero
hold	ship	mero
living-room	book	random
bedchamber	country	random
klick	myriameter	mero
bed	netherlands	random
kib	mib	mero
buttocks	retina	random
wine	grape	mero
kibibyte	megabyte	mero
lock	firearm	mero
sole	octant	random
metre	land	random
national	bathroom	random
taxiway	field	mero
seat	abamp	random
rear	body	mero
diaphragm	trunk	mero
ass	individual	random
tin	battleground	random
star	galaxy	mero
bathroom	abode	mero
fanny	trunk	mero
picometre	man	random
commode	bath	mero
crapper	can	mero
rear	venter	random
roswell	nm	mero
frame	timepiece	random
underframe	atmosphere	random
conclusion	cartridge	random
hall	body	random
mons	pubes	mero
backbone	meshing	mero
apeldoorn	netherlands	mero
roadside	stage	random
shape	nm	random
sky	world	mero
windpipe	abode	random
zodiac	human	random
phase	clubhouse	random
heel	ship	random
half	butchery	random
commode	lav	mero
nook	edifice	mero
train	abode	random
collar	trunk	random
gear	gibibyte	random
hemisphere	world	mero
libra	zodiac	mero
centimetre	hectometer	random
decimeter	meter	mero
estate	netherlands	random
sign	signing	mero
ethanol	gasohol	mero
frame	homo	mero
pot	loins	random
micrometer	cwt	random
tip	barrel	random
schoolroom	schoolhouse	mero
fender	school	random
segment	soul	random
form	zodiac	random
understructure	structure	mero
dinette	dwelling	mero
estate	frame	random
backbone	volume	mero
cut	mm	random
flesh	air	random
parlour	domicile	mero
utrecht	hades	random
toenail	poop	random
thymus	pencil	random
spine	book	mero
transit	netherlands	random
chamber	domicile	mero
chassis	man	mero
lobby	building	mero
mm	millimeter	random
urethra	tank	random
spoke	cartwheel	mero
runway	airfield	mero
apron	air	random
sign	zodiac	mero
bottom	gb	random
dkm	hold	random
stage	house	mero
factor	home	random
millimeter	nanometer	random
upstage	body	random
coccyx	back	mero
lethe	scheol	mero
peak	conoid	mero
metre	micron	random
stave	bosom	random
nederland	nato	mero
domain	land	mero
department	toilet	random
caboose	ship	mero
anatomy	person	mero
ending	paper	random
nm	neck	random
hatband	lid	mero
leyden	gasohol	random
peak	period	random
meter	decametre	mero
backside	trunk	random
build	soul	mero
dewlap	neck	mero
subject	land	mero
stern	tegument	random
spigot	barrel	mero
runway	airstrip	mero
factor	brokerage	mero
constituent	constituency	mero
washbasin	ship	random
toilet	lavatory	mero
coccyx	spine	mero
skeg	human	random
neck	garment	mero
circle	trunk	random
galaxy	cosmos	mero
end	yarn	mero
aries	zodiac	mero
rotterdam	nederland	mero
megabyte	gibibyte	mero
waist	home	random
mouth	body	random
bay	ship	mero
center	five	mero
sole	micron	random
tip	conoid	mero
kb	mebibyte	mero
decametre	hectometre	mero
spile	barrel	mero
sole	footwear	mero
pastureland	bathroom	random
stem	someone	random
ingredient	house	random
commode	newspaper	random
bottom	torso	mero
physique	seat	random
philistia	bowls	random
segmentation	gestation	mero
radius	diameter	mero
groundwork	construction	mero
airfield	mankind	random
mesosphere	edifice	random
palestine	engine	random
point	brand	mero
upstairs	hectometer	random
dining-room	home	mero
anatomy	somebody	mero
chassis	scheol	random
cm	rocker	random
kilometer	myriametre	mero
rhein	nederland	mero
areola	breast	mero
gearing	engine	mero
mb	play	random
heel	shoe	mero
ijsselmeer	nederland	mero
aerospace	toe	random
buffer	grape	random
hectometer	ship	random
mb	g	mero
floor	decameter	random
strip	paper	mero
can	bath	mero
understructure	stadium	random
stakes	pool	mero
calf	abode	random
sake	rice	mero
meuse	holland	mero
netherlander	school	random
underframe	golf-club	random
water	trunk	random
flesh	man	mero
point	book	random
pot	someone	random
dinette	mortar	random
pot	bath	mero
field	transportation	mero
backside	house	random
dekametre	earth	random
dam	hm	mero
crenelle	millimetre	random
mons	seats	random
maria	hectometer	random
seat	skirt	mero
posterior	trunk	mero
figure	ship	random
nypa	palmae	mero
ending	speech	mero
nederland	domicile	random
lock	cask	random
anatomy	human	mero
mouth	jar	mero
saki	zodiac	random
people	humanity	mero
potty	privy	mero
vertebra	paper	random
cut	booty	mero
temple	caput	mero
nipa	palmae	mero
front	construction	random
mesosphere	atmosphere	mero
neon	u.s.	random
side	trunk	mero
forte	house	random
friesland	nederland	mero
thenar	paw	mero
bet	decimetre	random
frame	soul	mero
meter	soul	random
gal	habitation	random
nm	trunk	random
lethe	domicile	random
zodiac	sphere	mero
ship	torso	random
chimneypiece	privy	random
fundament	pregnancy	random
ratline	ship	mero
utrecht	km	random
flesh	heel	random
macula	tegument	mero
round	play	mero
point	micrometer	random
point	knife	mero
a	nanometer	mero
cut	swag	mero
backside	torso	mero
sector	field	mero
segmentation	maternity	mero
arse	torso	mero
mib	address	random
mantle	church	random
vertebra	wineglass	random
primo	body	random
judea	bath	random
bod	body	random
front	field	mero
stage	architecture	random
cut	pillage	mero
cut	dish	random
nijmegen	holland	mero
soma	someone	mero
escutcheon	tail	mero
midland	cervix	random
dekametre	hm	mero
split	hrvatska	mero
point	sword	mero
toe	club-head	mero
foot	boob	random
anteroom	building	mero
kr	somebody	random
balance	timekeeper	mero
kibibyte	bath	random
bag	house	random
judaea	palestine	mero
decimetre	meter	mero
o	air	mero
field	boot	random
bathtub	bath	mero
shroud	tail	random
nanometer	micrometer	mero
brim	knife	random
helm	trunk	random
closing	recital	mero
heel	drum	random
rung	rocker	mero
zodiac	welkin	mero
stage	theater	mero
chamber	home	mero
section	whole	mero
hold	palmaceae	random
kibibyte	mebibyte	mero
windpipe	cervix	mero
top	ship	mero
merlon	battlement	mero
derriere	body	mero
virgo	zodiac	mero
seat	torso	mero
gene	cervix	random
bod	man	random
apeldoorn	kilometer	random
hatband	chapeau	mero
zodiac	domicile	random
lobby	carrier	random
tack	holland	random
loins	trunk	mero
merlon	crenelation	mero
d-layer	ionosphere	mero
angstrom	klick	random
kitchen	dwelling	mero
styx	john	random
chassis	body	random
bedchamber	home	mero
m	gb	random
gene	chromosome	mero
thenar	dwelling	random
shape	someone	mero
point	duette	random
toilet	can	mero
physique	limb	random
sn	cassiterite	mero
fundament	fireplace	random
bedroom	brand	random
seat	flattop	random
form	millimicron	random
point	steel	mero
section	surgery	mero
hall	building	mero
mantle	alpenstock	random
mebibyte	homo	random
build	homo	mero
nanometre	micron	mero
skeg	building	random
peak	holland	random
ijssel	commonwealth	random
chassis	soul	mero
flesh	human	mero
turret	structure	random
moderationist	center	mero
can	micron	random
crown	nederland	random
agent	brokerage	mero
field	bowl	mero
kilometer	mib	random
virgo	lavatory	random
point	m	random
fundament	hat	random
chimneypiece	hall	random
shape	nm	random
dekameter	hectometer	mero
air	nail	random
potty	g	random
neckband	torso	random
urethra	phallus	mero
end	lav	random
centrist	center	mero
lid	netherlands	random
can	arrowhead	random
spigot	cask	mero
picometre	conoid	random
commode	dwelling	random
nederland	ec	mero
frame	bowling	mero
brim	chapeau	mero
cocytus	spine	random
jordan	palestine	mero
field	bowl	random
floor	propellor	random
kb	body	random
potty	lavatory	mero
hypochondrium	set	random
round	rocker	mero
cannon	homo	random
hectometer	klick	mero
ground	world	mero
sky	home	random
gearing	loins	random
leiden	torso	random
bulb	hearth	random
hectometer	person	random
cleavage	pregnancy	mero
hoop	barrel	mero
airspace	atmosphere	mero
meter	dam	mero
heel	clubhead	mero
k	nm	random
rhein	holland	mero
can	bathroom	mero
cm	decimeter	mero
estate	poop	random
midsection	body	mero
lavabo	bath	mero
holland	soul	random
greenroom	mortal	random
shank	key	mero
netherlander	nederland	mero
metre	decameter	mero
stern	body	mero
shank	unit	random
urethra	hearth	random
rhein	john	random
soma	somebody	mero
megabyte	gigabyte	mero
camshaft	engine	mero
coda	composition	mero
netherlands	ec	mero
nm	america	mero
loft	house	mero
field	stadium	mero
field	frame	random
posterior	earth	random
locomotive	train	mero
pail	waterwheel	mero
rhine	nederland	mero
k	m	mero
holland	europe	mero
crapper	privy	mero
split	croatia	mero
meter	laminate	random
kib	mebibyte	mero
macule	skin	mero
holland	structure	random
ball	piece	random
netherlands	eec	mero
netherlands	transportation	random
topside	chapeau	random
millimetre	school	random
people	mankind	mero
coda	atmosphere	random
flesh	hectometer	random
bathroom	melanitta	random
throne	europe	random
netherlander	rachis	random
toilet	human	random
dekametre	hectometre	mero
amp	abampere	mero
bod	someone	mero
escutcheon	quarter	mero
demesne	abode	random
decimeter	foot	random
r	dwelling	random
cut	cards	mero
spectacles	frame	mero
underframe	aircraft	mero
micron	bottle	random
phrase	micron	random
parlour	boiler	random
behind	angstrom	random
samaria	air	random
bathroom	domicile	mero
barrel	house	random
kilometre	myriameter	mero
radius	blade	random
physique	man	mero
ampere	bathroom	random
crenel	battlement	mero
acheron	hades	mero
section	individual	random
garret	house	mero
rump	torso	mero
pharynx	cervix	mero
macule	gestation	random
mb	gigabyte	mero
crenelation	fortress	mero
parlor	dwelling	mero
helm	ship	mero
backbone	net	mero
oxygen	barrel	random
galaxy	pool	random
mantle	fireplace	mero
antechamber	ladle	random
fermi	picometer	mero
airfield	transit	mero
physique	human	mero
sole	someone	random
m	lamp	random
megabyte	gib	mero
lithosphere	globe	mero
decameter	world	random
lock	small-arm	mero
peen	quarter	random
scrag	land	random
bullet	cartridge	mero
top	ship	random
star	locomotive	random
can	lavatory	mero
toe	footgear	mero
can	blower	random
library	globe	random
sign	state	random
hall	residence	mero
point	awl	mero
stratosphere	atmosphere	mero
cowcatcher	mortal	random
angstrom	micromillimeter	mero
carrel	chimney	random
hypochondrium	venter	mero
ar	air	mero
quarter	body	random
hub	dna	random
battlefront	field	mero
constituent	phallus	random
a	millimicron	mero
fireside	privy	random
drumhead	drum	mero
dutchman	trunk	random
point	distributor	mero
stave	body	random
wine	structure	random
anatomy	pithecia	random
nook	building	mero
mm	centimeter	mero
holland	alpenstock	random
piece	gib	random
nypa	world	random
areola	country	random
centerfield	outfield	mero
funnies	newspaper	mero
segmentation	pregnancy	mero
kibibyte	key	random
meter	dkm	mero
metre	decametre	mero
milliampere	habitation	random
chukker	world	random
nm	usa	mero
mib	g	mero
chassis	person	mero
quarter	blade	random
hectometre	recital	random
balance	grape	random
front	battleground	mero
stave	rocker	mero
mantlepiece	nanometer	random
dekametre	hectometer	mero
lea	country	mero
bbl	hogshead	mero
apron	cm	random
upstairs	building	mero
midfield	trunk	random
leyden	nederland	mero
frame	aircraft	mero
sector	titty	random
mouth	metre	random
sole	creation	random
throne	ship	random
lunule	nail	mero
crenellation	fort	mero
dutchman	sole	random
handbasin	bathroom	mero
turnout	route	mero
hm	kilometre	mero
frame	mortal	mero
point	myriameter	random
ring	cask	mero
grip	ladle	mero
utrecht	body	random
soma	house	random
seat	netherlands	random
stem	pin	mero
hydrosphere	hectometre	random
heel	pes	mero
primo	duette	mero
judah	theater	random
library	house	mero
hectometer	myriameter	random
nipple	bottle	mero
coccyx	clubhead	random
quarter	play	mero
meter	john	random
ampere	limb	random
split	trunk	random
physique	picometer	random
grip	centner	random
sky	transistor	random
people	humankind	mero
limb	crenellation	random
soma	hectometer	random
basis	air	random
breech	barrel	mero
sternocleidomastoid	quarter	random
buns	torso	mero
frame	club-head	random
hectometre	klick	mero
mantelpiece	theatre	random
crapper	bath	mero
lavabo	bathroom	mero
build	human	mero
nm	u.s.	mero
living-room	skirt	random
wall	hallway	mero
audience	world	mero
round	domicile	random
thenar	individual	random
bet	pool	mero
m	gb	mero
dinette	abode	mero
bedroom	habitation	mero
cistron	arecaceae	random
frame	strip	mero
antechamber	ladle	random
m	dkm	mero
earth	accounting	random
stool	can	mero
quarter	fort	random
dm	pillage	random
point	needle	mero
belting	belt	mero
midriff	torso	mero
shank	holland	random
ass	anchor	random
sky	globe	mero
quarter	hr	mero
ceiling	tail	random
holland	edifice	random
glasses	frame	mero
amp	nederland	random
throne	line	random
posterior	palmae	random
figure	homo	mero
pail	somebody	random
toilet	netherlands	random
pasture	country	mero
mib	bath	random
hydrosphere	globe	mero
upstairs	edifice	mero
stool	soul	random
macula	skin	mero
eindhoven	speech	random
spine	can	random
parlor	home	mero
galley	kilometre	random
palm	mortal	random
nape	torso	random
rump	body	random
figure	man	mero
base	box	mero
ending	netherlands	random
frame	dwelling	random
prepuce	loot	random
estate	commonwealth	mero
kitchen	home	mero
kb	constituency	random
styx	equidae	random
bulkhead	ship	mero
tip	cone	mero
can	john	mero
state	temple	random
r	diam	mero
drumhead	globe	random
vestibule	canaan	random
shape	human	mero
clubroom	cervix	random
palm	hand	mero
a	fireplace	random
department	state	mero
sternocleidomastoid	cervix	mero
dutchman	nederland	mero
stone	benelux	random
point	tit	random
bath	fireplace	random
km	myriameter	mero
half	hoops	mero
soma	play	random
rung	human	random
a	bathroom	random
forecastle	m	random
megabyte	lavatory	random
amsterdam	nation	random
butt	dekametre	random
derriere	ship	random
gallon	bbl	mero
m	dekameter	mero
micromicron	field	random
division	air	random
hm	body	random
frame	man	mero
mantlepiece	steel	random
meuse	battlefield	random
build	torso	random
backside	nederland	random
cutting	nederland	random
turret	tank	mero
boiler	heat	mero
meter	doi	random
adenine	conoid	random
sole	club-head	mero
geosphere	globe	mero
netherlands	benelux	mero
lag	individual	random
centimetre	dm	mero
picometre	angstrom	mero
potty	can	mero
medulla	phallus	random
close	address	mero
side	abode	random
buns	trunk	mero
orchestra	kilometre	random
holland	paw	random
wall	hall	mero
quarter	earth	random
capricornus	zodiac	mero
sole	dekametre	random
field	arena	mero
hatband	hat	mero
living-room	home	mero
understructure	construction	mero
congius	bbl	mero
balance	small-arm	random
stand	nm	random
factor	chromosome	mero
bathroom	dwelling	mero
part	whole	mero
stave	land	random
fireside	hearth	mero
mb	transit	random
crenelle	torso	random
coccyx	rachis	mero
bottom	bulb	random
half	basketball	mero
flesh	trunk	random
fanny	alpenstock	random
bulwark	ship	mero
millimetre	school	random
stem	clubhead	random
potty	john	mero
flesh	soul	mero
retort	still	mero
fundament	composition	random
ball	sole	mero
orchestra	theater	mero
windlass	ship	mero
shank	pubes	random
closing	recital	random
temple	dwelling	random
stool	lavatory	mero
pot	lavatory	mero
centimeter	decimetre	mero
waist	house	random
gallup	man	random
tush	body	mero
rhein	netherlands	mero
hall	palestine	random
r	diameter	mero
orchestra	hat	random
can	world	random
form	someone	mero
m	gib	mero
portion	whole	mero
derriere	john	random
kb	micrometer	random
porch	house	mero
leiden	nederland	mero
nanometre	netherlands	random
biosphere	schoolhouse	random
cleavage	holland	random
skeg	scheol	random
lock	form	random
breech	theater	random
micromillimetre	trunk	random
femtometer	picometre	mero
pharynx	stomach	random
geosphere	earth	mero
crapper	ship	random
quarter	edifice	random
palm	centimeter	random
stand	arena	mero
ground	picometer	random
people	world	mero
fixings	dish	mero
zodiac	diamond	random
metre	dekametre	mero
point	pica	mero
flesh	homo	mero
prat	trunk	mero
millimeter	centimetre	mero
shank	megabyte	random
runway	zodiac	random
close	speech	mero
eindhoven	netherlands	mero
sura	shank	mero
netherlands	cask	random
meter	ship	random
head	score	random
tail	trunk	mero
nanometre	micrometer	mero
ijssel	nederland	mero
bath	theater	random
potty	chapeau	random
lb	building	random
brim	hat	mero
epoch	period	mero
potty	nederland	random
mantel	fireplace	mero
micromillimeter	micrometer	mero
half-moon	month	mero
parlour	habitation	mero
decimeter	m	mero
wall	shank	random
foreskin	neck	random
upholstery	airfield	random
escutcheon	hour	random
picometer	angstrom	mero
gallon	barrel	mero
scruff	neck	mero
physique	hell	random
carlsbad	nm	mero
hypochondrium	country	random
garret	trunk	random
transit	infrastructure	mero
architectonics	architecture	mero
phase	clubhead	random
living-room	domicile	mero
ground	awl	random
upholstery	seat	mero
km	underworld	random
sole	footgear	mero
end	megabyte	random
province	country	mero
land	nederland	random
butt	sentence	random
cm	dkm	random
ceiling	m	random
peak	micromicron	random
peak	arrowhead	mero
stand	stadium	mero
scoter	melanitta	mero
parterre	theater	mero
sector	battlefield	mero
centimeter	decimeter	mero
metre	dam	mero
tooshie	home	random
posterior	body	mero
macula	retina	mero
foyer	edifice	mero
tin	plunder	random
head	drum	mero
fireplace	megabyte	random
ground	nederland	random
tip	megabyte	random
milliampere	ampere	mero
den	eu	random
widening	earth	random
parlor	route	random
earth	globe	mero
styx	hell	mero
anatomy	hammerhead	random
wine	millimeter	random
nipple	dekameter	random
bod	mib	random
tooshie	torso	mero
peak	air	random
peak	pencil	mero
maria	calophyllum	mero
build	abode	random
breech	cask	mero
thymus	neck	mero
stave	highchair	mero
thumbhole	bowl	mero
hall	edifice	mero
decimetre	metre	mero
stool	ship	random
phrase	tune	mero
shape	mortal	mero
fish	shoal	mero
cistron	chromosome	mero
cutting	cards	mero
millimicron	theater	random
galaxy	individual	random
anatomy	human	random
commode	lavatory	mero
mantelpiece	fireplace	mero
foundation	construction	mero
nucha	cervix	mero
finale	human	random
battlefront	battleground	mero
km	airfield	random
judea	network	random
lavabo	lavatory	random
battlefront	condominium	random
waist	body	mero
bath	england	mero
cleavage	populace	random
fixings	mym	random
kb	manse	random
palm	canaan	random
dm	meter	mero
bulb	battlefield	random
potty	pin	random
nanometer	mb	random
crenelle	crenelation	mero
soma	mortal	mero
demesne	state	mero
bath	operation	random
cancer	frame	random
chassis	human	mero
stall	library	mero
frame	hm	random
femtometre	homo	random
trachea	nederland	random
micron	mm	mero
femtometre	netherworld	random
build	individual	mero
living-room	dwelling	mero
buffer	locomotive	mero
airspace	gestation	random
frame	funnies	mero
bum	toilet	random
vino	grape	mero
tip	mitt	random
slaughter	butchering	mero
bod	person	random
dam	homo	random
ijsselmeer	netherlands	mero
areola	pipe	random
friesland	netherlands	mero
drumhead	hallway	random
top	narration	random
physique	homo	mero
half-moon	construction	random
kr	air	mero
toilet	body	random
poop	netherlands	random
pit	theatre	mero
nanometer	micron	mero
bathroom	state	random
slope	elevation	mero
barrel	gun	mero
amp	home	random
holland	bathroom	random
meuse	nederland	mero
hectometre	km	mero
way	transit	mero
point	distributer	mero
lithosphere	battlement	random
limb	sextant	mero
quarter	a	random
nederland	nail	random
juda	palestine	mero
pot	knife	random
point	em	mero
eyeglasses	frame	mero
hectometre	john	random
holland	benelux	mero
hoop	cask	mero
quarter	cwt	mero
canadian	southwest	random
mib	gib	mero
backbone	book	mero
slope	cm	random
frame	blade	random
midriff	trunk	mero
epoch	netherlands	random
jordan	john	random
crenel	dna	random
build	nation	random
form	meshing	random
shank	chapeau	random
hearth	five	random
bum	hearth	random
arnhem	ship	random
tail	home	random
decameter	hectometer	mero
wine	negus	mero
underframe	ship	mero
ley	somebody	random
estate	state	mero
adenine	rna	mero
shroud	ship	mero
hearth	chimney	mero
base	infield	mero
head	address	random
stump	waterwheel	random
land	state	mero
mib	gigabyte	mero
anatomy	arena	random
bottlecap	lav	random
subject	nation	mero
arse	fortress	random
balance	member	random
balance	account	mero
toe	arrowhead	random
head	mebibyte	random
flesh	still	random
toe	heat	random
transportation	globe	random
ingredient	dish	mero
handbasin	bath	mero
section	play	random
land	mortal	random
hollander	list	random
tush	torso	mero
corner	slide	random
subject	bath	random
foreskin	member	mero
main	infrastructure	mero
piece	unit	mero
nipa	palmaceae	mero
bedroom	domicile	mero
arse	netherlands	random
derriere	bow	random
bit	key	mero
kilobyte	blade	random
can	library	random
stern	ship	mero
radius	brokerage	random
incline	tinplate	random
bod	amp	random
screw	bath	random
mebibyte	firearm	random
place	form	mero
top	yarn	random
dutchman	pica	random
dekametre	country	random
macula	library	random
period	play	mero
extremity	limb	mero
fermi	micromicron	mero
period	recital	random
fish	domicile	random
biosphere	planet	mero
bowl	airliner	random
rotterdam	trunk	random
middle	torso	mero
retort	tinfoil	random
screw	ship	mero
hm	decimetre	random
dekameter	man	random
parlor	club-head	random
dewlap	cervix	mero
slaughter	edifice	random
dinette	habitation	mero
shank	handgrip	mero
spile	cask	mero
point	person	random
fanny	skin	random
stern	ship	random
lb	quarter	mero
coda	opus	mero
palestine	asia	mero
jordan	club	random
incision	wind	random
macule	mym	random
a	nanometre	mero
estate	land	mero
millimeter	abode	random
greenroom	house	mero
parlor	habitation	mero
fundament	construction	mero
kibibyte	mib	mero
stool	theatre	random
tub	soul	random
balance	accounting	mero
ass	body	mero
collar	neck	mero
stand	nederland	random
carrell	library	mero
m	play	random
ionosphere	atmosphere	mero
anatomy	individual	mero
estate	rocker	random
waist	trunk	mero
phrase	dish	random
shank	engine	random
province	bath	random
peen	hammerhead	mero
dining-room	constellation	random
hectometer	km	mero
foundation	ungulate	random
part	era	random
ijsselmeer	holland	random
hoop	zodiac	random
potty	globe	random
angstrom	hoof	random
end	speech	mero
bung	cask	mero
prepuce	bolt	random
stakes	angstrom	random
crapper	lavatory	mero
condo	centimeter	random
leiden	netherlands	mero
pot	decimeter	random
km	mym	mero
bed	laminate	mero
pilot	engine	mero
air	world	mero
space	bath	random
section	platoon	mero
hectometer	kilometre	mero
cleavage	gestation	mero
forecastle	ship	mero
stage	theatre	mero
micron	grip	random
soma	individual	mero
eindhoven	can	random
spile	meter	random
split	outfield	random
fundament	underworld	random
toe	nm	random
netherlands	highchair	random
funnies	theatre	random
factor	back	random
game	ship	random
nm	u.s.a.	mero
dining-room	brand	random
loins	body	mero
heel	state	random
samaria	outfield	random
field	infield	random
bod	man	mero
buttocks	world	random
frame	piece	random
dinette	hectometre	random
rhine	steel	random
congius	someone	random
head	ungulate	random
frame	building	mero
flesh	somebody	mero
lethe	hell	mero
segment	whole	mero
crapper	yarn	random
tiptoe	kor	random
slaughter	butchery	mero
peak	yarn	random
department	country	mero
tap	fireplace	random
cannon	tank	mero
toilet	john	mero
centimetre	decimeter	mero
dewlap	brain-stem	random
audience	explanation	random
midland	state	mero
tush	trunk	mero
styx	centimetre	random
domain	home	random
o	airstrip	random
nederland	country	random
cleavage	abampere	random
bag	ship	random
nypa	palmaceae	mero
flesh	man	random
flooring	footgear	random
heel	pointer	random
groin	loins	mero
crenel	cervix	random
scoter	m	random
seat	pant	mero
gemini	zodiac	mero
shank	handle	mero
base	brainstem	random
galaxy	world	mero
quarter	hundredweight	mero
base	diamond	mero
soma	bathroom	random
shape	soul	mero
strip	homo	random
national	nation	mero
decimeter	country	random
ass	trunk	mero
groundwork	bbl	random
atom	element	mero
micrometer	mm	mero
frame	element	random
prat	can	random
stern	trunk	mero
kb	mib	mero
cornerstone	explanation	mero
hydrosphere	world	mero
keister	brain-stem	random
scruff	strain	random
k	mib	mero
substructure	construction	mero
a	abampere	mero
waist	distributer	random
throne	canaan	random
angstrom	micromillimetre	mero
lock	piece	mero
estate	nation	mero
centre	france	mero
sagittarius	volume	random
secondo	mebibyte	random
commode	locomotive	random
crapper	lav	mero
apeldoorn	somebody	random
footplate	engine	mero
radius	neck	random
throne	toilet	mero
mantelpiece	hearth	mero
apron	airfield	mero
chimneypiece	fireplace	mero
shape	somebody	mero
den	home	mero
ionosphere	air	mero
foible	brand	mero
conclusion	narration	mero
close	yarn	mero
hearthstone	hearth	mero
side	netherlands	random
anteroom	lav	random
base	construction	mero
point	pointer	mero
throne	lav	mero
column	toe	random
cookhouse	train	random
stem	trouser	random
sura	construction	random
tap	cask	mero
tail	body	mero
washbowl	pes	random
aries	diam	random
midland	body	random
hearth	fireplace	mero
femtometer	picometer	mero
handgrip	ladle	mero
femtometre	picometre	mero
lethe	structure	random
base	ladle	random
skeg	stern	mero
shank	sole	mero
estate	country	mero
parafovea	home	random
grid	europe	random
firehouse	infrastructure	mero
quarter	micromillimeter	random
leo	building	random
crenel	crenelation	mero
bbl	road	random
commode	toilet	mero
state	land	mero
foundation	soul	random
pilot	narration	random
crown	chapeau	mero
styx	underworld	mero
decametre	hm	mero
turnout	road	mero
pisces	bath	random
section	unit	mero
form	schoolhouse	random
base	explanation	mero
leyden	netherlands	mero
chukka	firearm	random
throne	bathroom	mero
keister	trunk	mero
demesne	land	mero
geosphere	infrastructure	random
friesland	holland	mero
m	toilet	random
ass	torso	mero
arnhem	holland	mero
kib	person	random
neck	body	mero
exosphere	atmosphere	mero
can	trunk	mero
bedroom	netherworld	random
k	habitation	random
star	constellation	mero
filament	lightbulb	mero
skeleton	building	mero
point	alpenstock	mero
hydrosphere	earth	mero
province	eec	random
chamber	diameter	random
kibibyte	decimeter	random
lithosphere	cosmos	random
nanometer	cutis	random
bath	explanation	random
macula	fireplace	random
foreskin	phallus	mero
mantel	hearth	mero
shank	play	random
calf	shank	mero
fermi	eleven	random
m	dekametre	mero
zodiac	firmament	mero
shank	leg	mero
hindquarters	torso	mero
millimicron	mib	random
substructure	footwear	random
leo	zodiac	mero
toilet	bowl	random
point	inning	random
phase	round	mero
escutcheon	dekameter	random
parafovea	retina	mero
apeldoorn	nederland	mero
handle	play	random
phase	pakistan	random
pot	gb	random
bod	person	mero
drumhead	cervix	random
neck	bbl	random
stratosphere	stern	random
tap	barrel	mero
palm	arecaceae	mero
physique	ship	random
ma	netherworld	random
mib	gb	mero
side	hundredweight	random
nape	cervix	mero
tip	hades	random
heel	swag	random
greenroom	theatre	mero
breech	brand	random
department	torso	random
klick	maguey	random
groundwork	explanation	mero
netherlands	engine	random
quarter	hour	mero
seat	body	mero
hemisphere	earth	mero
geosphere	m	random
parquet	theatre	mero
buttocks	torso	mero
saki	rice	mero
acheron	us	random
escutcheon	stern	mero
phrase	hearth	random
cut	handle	random
base	metre	random
a	knife	random
superstructure	privy	random
national	country	mero
transit	france	random
half-moon	nail	mero
primo	maternity	random
vertebra	back	mero
arrester	brokerage	random
atmosphere	world	mero
kibibyte	gigabyte	random
butt	trunk	mero
crapper	john	mero
club-head	golf-club	mero
fovea	canaan	random
circle	theater	mero
galaxy	duet	random
mare	timekeeper	random
stool	asia	random
megabyte	privy	random
netherlands	home	random
m	bathroom	random
loins	torso	mero
bulb	brainstem	mero
medulla	mib	random
bung	toilet	random
conclusion	route	random
limb	octant	mero
sheet	land	random
stool	bathroom	mero
tip	dwelling	random
way	hm	random
tooshie	myriametre	random
fo'c'sle	ship	mero
tooshie	body	mero
buffer	engine	mero
province	land	mero
runway	field	mero
dam	habitation	random
nm	body	random
clubroom	club	mero
kib	shank	random
megabyte	nm	random
seat	palmae	random
audience	populace	mero
forte	blade	mero
atmosphere	g	random
over	play	mero
bathtub	eu	random
base	trunk	random
finale	piece	mero
lithosphere	earth	mero
scruff	cervix	mero
seat	seating	mero
stake	pool	mero
vertebra	person	random
stem	nail	mero
m	dam	mero
lobby	u.s.a.	random
diaphragm	bowl	random
tail	infrastructure	random
den	abode	random
circle	house	mero
waist	whole	random
chassis	manus	random
areola	tit	mero
brazos	nm	mero
bedroom	home	mero
parquet	theater	mero
flesh	someone	mero
funnel	engine	random
kibibyte	m	mero
mons	loins	mero
picometre	a	mero
tub	limacidae	random
friesland	pin	random
item	pregnancy	random
fanny	body	mero
gal	arrow	random
underframe	edifice	mero
scorpius	zodiac	mero
areola	boob	mero
figure	ship	random
amsterdam	nederland	mero
rear	gigabyte	random
lithosphere	world	mero
base	building	random
picometer	a	mero
metre	upper	random
soma	person	mero
upstage	stage	mero
gemini	air	random
bulkhead	asia	random
incline	elevation	mero
peak	alpenstock	mero
bit	footwear	random
heel	loaf	mero
battlement	man	random
orchestra	can	random
chamber	hrvatska	random
gyrostabiliser	edifice	random
conclusion	address	mero
closing	world	random
k	mebibyte	mero
sector	barrel	random
cement	mortar	mero
finale	opus	mero
inguen	field	random
waistline	world	random
bedchamber	country	random
soma	dwelling	random
klick	myriametre	mero
parlour	abode	mero
bit	bridle	mero
chassis	america	random
turn	play	mero
boilerplate	body	random
physique	locomotive	random
living-room	blade	random
mb	gb	mero
cut	loot	mero
airspace	air	mero
base	structure	mero
national	land	mero
primo	duo	mero
broker	torso	random
physique	mortal	mero
areola	titty	mero
leiden	abamp	random
air	chimney	random
tip	sword	random
stem	meter	random
micromillimeter	kilometre	random
shank	wineglass	mero
drumhead	membranophone	mero
presbytery	garment	random
exaltation	zodiac	mero
main	abampere	random
nook	listing	random
argon	palestine	random
judaea	canaan	mero
demesne	library	random
end	quarter	random
soma	rhythm	random
frame	person	mero
hemisphere	domicile	random
taxiway	dam	random
judea	palestine	mero
dining-room	domicile	mero
peak	knife	mero
coccyx	stadium	random
point	fortress	random
toilet	privy	mero
hm	lavatory	random
bedroom	abode	mero
section	orchestra	mero
gene	dna	mero
keister	body	mero
point	ship	random
anatomy	soul	mero
macule	cutis	mero
judea	canaan	mero
crown	negus	random
lethe	hades	mero
cut	prize	mero
argon	air	mero
closing	gib	random
ending	yarn	mero
buffer	state	random
frame	atmosphere	random
bottom	body	mero
rung	dwelling	random
neon	air	mero
peak	lav	random
physique	zodiac	random
dekameter	hm	mero
close	speech	random
amp	abamp	mero
